Product Name,Product url,Article_1_Score,Article_1_Title,Article_1_Link,Article_2_Score,Article_2_Title,Article_2_Link,Article_3_Score,Article_3_Title,Article_3_Link
Plug Housings,https://www.digikey.com/en/products/filter/modular-ethernet-connectors/modular-ethernet-connector-plug-housings/403,2.81,A quick and practical view of USB Power Delivery (USB-PD) design,https://www.edn.com/a-quick-and-practical-view-of-usb-power-delivery-usb-pd-design/,1.417,Seeing inside entry-level audiophile desire: Monoprice’s Liquid Spark Headphone Amplifier,https://www.edn.com/seeing-inside-entry-level-audiophile-desire-monoprices-liquid-spark-headphone-amplifier/,,,
Embedded,https://www.digikey.com/en/products/category/embedded/2012?s=N4IgjCBcoLQdIDGUBmBDANgZwKYBoQB7KAbRAFYAGckAsAdhoF0BfNoA,2.669,"DigiKey offers Zephyr RTOS workshop, video training",https://www.electronicsweekly.com/news/business/distribution/digikey-offers-zephyr-rtos-workshop-video-training-2025-06/,1.366,Indian Watchmaker Bets Big on Customized Manufacturing Lines,https://www.eetimes.com/indian-watchmaker-bets-big-on-customized-manufacturing-lines/,1.191,Arm Launches Zena to Accelerate AI-Defined Vehicle,https://www.eetimes.com/arm-launches-zena-to-accelerate-ai-defined-vehicle/
"Test Clips - Alligator, Crocodile, Heavy Duty",https://www.digikey.com/en/products/filter/test-leads/alligator-crocodile-heavy-duty-clips/623,1.478,"China Weaponizes Rare Earths, Hitting Factories",https://www.eetimes.com/china-weaponizes-rare-earths-hitting-factories/,1.279,Seeing inside entry-level audiophile desire: Monoprice’s Liquid Spark Headphone Amplifier,https://www.edn.com/seeing-inside-entry-level-audiophile-desire-monoprices-liquid-spark-headphone-amplifier/,1.207,DMMs improve accuracy and usability,https://www.edn.com/dmms-improve-accuracy-and-usability/
"Pressure Sensors, Transducers",https://www.digikey.com/en/products/filter/pressure-sensors-transducers/512,2.269,Ambature to Deliver Superconductor IP for AI’s Energy Problem,https://www.eetimes.com/ambature-to-deliver-superconductor-ip-for-ais-energy-problem/,2.074,Indian Watchmaker Bets Big on Customized Manufacturing Lines,https://www.eetimes.com/indian-watchmaker-bets-big-on-customized-manufacturing-lines/,1.397,"China Weaponizes Rare Earths, Hitting Factories",https://www.eetimes.com/china-weaponizes-rare-earths-hitting-factories/
"Trimmers, Variable Capacitors",https://www.digikey.com/en/products/filter/trimmers-variable-capacitors/65,0.852,Seeing inside entry-level audiophile desire: Monoprice’s Liquid Spark Headphone Amplifier,https://www.edn.com/seeing-inside-entry-level-audiophile-desire-monoprices-liquid-spark-headphone-amplifier/,,,,,,
"Quick Connects, Quick Disconnect Connectors",https://www.digikey.com/en/products/filter/terminals/quick-connects-quick-disconnect-connectors/392,1.562,A quick and practical view of USB Power Delivery (USB-PD) design,https://www.edn.com/a-quick-and-practical-view-of-usb-power-delivery-usb-pd-design/,0.88,GlobalFoundries Pledges $16 Billion U.S. Investment with Trump’s Help,https://www.eetimes.com/globalfoundries-pledges-16-billion-u-s-investment-with-trumps-help/,0.272,Powerline module enables EV charger data links,https://www.edn.com/powerline-module-enables-ev-charger-data-links/
RF/IF and RFID,https://www.digikey.com/en/products/category/rf-if-and-rfid/37?s=N4IgjCBcoLQdIDGUAuAnArgUwDQgPZQDaIATAAwgC6AvnUA,0.859,"Assessing CHIPS Acts Value, Tariffs and Semi Equipment Growth",https://www.eetimes.com/assessing-chips-acts-value-tariffs-and-semi-equipment-growth/,0.8,Ambature to Deliver Superconductor IP for AI’s Energy Problem,https://www.eetimes.com/ambature-to-deliver-superconductor-ip-for-ais-energy-problem/,0.713,GlobalFoundries Pledges $16 Billion U.S. Investment with Trump’s Help,https://www.eetimes.com/globalfoundries-pledges-16-billion-u-s-investment-with-trumps-help/
Evaluation Boards - Op Amps,https://www.digikey.com/en/products/filter/evaluation-boards/op-amp-evaluation-boards/788,4.246,Motor gate drivers enable flexible current control,https://www.edn.com/motor-gate-drivers-enable-flexible-current-control/,3.236,GaN HEMT earns DLA-JANS certification,https://www.edn.com/gan-hemt-earns-dla-jans-certification/,3.024,Seeing inside entry-level audiophile desire: Monoprice’s Liquid Spark Headphone Amplifier,https://www.edn.com/seeing-inside-entry-level-audiophile-desire-monoprices-liquid-spark-headphone-amplifier/
"Magnetic Strip, Smart Card Readers",https://www.digikey.com/en/products/filter/magnetic-strip-smart-card-readers/891,1.608,Powerline module enables EV charger data links,https://www.edn.com/powerline-module-enables-ev-charger-data-links/,1.279,"China Weaponizes Rare Earths, Hitting Factories",https://www.eetimes.com/china-weaponizes-rare-earths-hitting-factories/,1.081,European SPACE4Cities names 20 winning urban planning projects,https://www.electronicsweekly.com/news/european-space4cities-names-20-winning-urban-planning-projects-2025-06/
RF Transceiver ICs,https://www.digikey.com/en/products/filter/rf-transceiver-ics/879,1.919,Seeing inside entry-level audiophile desire: Monoprice’s Liquid Spark Headphone Amplifier,https://www.edn.com/seeing-inside-entry-level-audiophile-desire-monoprices-liquid-spark-headphone-amplifier/,1.221,"Most Read – STEP for Semiconductor, Tomahawk 6, Stacked DRAM",https://www.electronicsweekly.com/blogs/electro-ramblings/latest-news/most-read-step-for-semiconductor-tomahawk-6-stacked-dram-2025-06/,1.109,OpenGMSL Aims to Overcome Automotive Video Interoperability Challenge,https://www.eetimes.com/opengmsl-aims-to-overcome-automotive-video-interoperability-challenge/
"Modular ESD Desks, Workstations333Items",https://www.digikey.com/en/products/filter/modular-esd-desks-workstations/1016,4.41,Standardization and modularization in pick and place equipment,https://www.edn.com/standardization-and-modularization-in-pick-and-place-equipment/,2.143,AI and the problem of misinformation,https://www.edn.com/ai-and-the-problem-of-misinformation/,1.355,The Opportunity for Liquid Sensing,https://www.eetimes.com/the-opportunity-for-liquid-sensing/
"Solder Sponges, Tip Cleaners",https://www.digikey.com/en/products/filter/solder-sponges-tip-cleaners/263,1.897,The Opportunity for Liquid Sensing,https://www.eetimes.com/the-opportunity-for-liquid-sensing/,1.413,A quick and practical view of USB Power Delivery (USB-PD) design,https://www.edn.com/a-quick-and-practical-view-of-usb-power-delivery-usb-pd-design/,,,
Tantalum - Polymer Capacitors,https://www.digikey.com/en/products/filter/tantalum-polymer-capacitors/70,0.897,Seeing inside entry-level audiophile desire: Monoprice’s Liquid Spark Headphone Amplifier,https://www.edn.com/seeing-inside-entry-level-audiophile-desire-monoprices-liquid-spark-headphone-amplifier/,0.616,A quick and practical view of USB Power Delivery (USB-PD) design,https://www.edn.com/a-quick-and-practical-view-of-usb-power-delivery-usb-pd-design/,,,
"Thermal - Heat Pipes, Vapor Chambers",https://www.digikey.com/en/products/filter/thermal/heat-pipes-vapor-chambers/977,0.779,Ambature to Deliver Superconductor IP for AI’s Energy Problem,https://www.eetimes.com/ambature-to-deliver-superconductor-ip-for-ais-energy-problem/,0.775,AI and the problem of misinformation,https://www.edn.com/ai-and-the-problem-of-misinformation/,0.63,"China Weaponizes Rare Earths, Hitting Factories",https://www.eetimes.com/china-weaponizes-rare-earths-hitting-factories/
LED Drivers,https://www.digikey.com/en/products/filter/led-drivers/137,17.714,Motor gate drivers enable flexible current control,https://www.edn.com/motor-gate-drivers-enable-flexible-current-control/,2.828,"China Weaponizes Rare Earths, Hitting Factories",https://www.eetimes.com/china-weaponizes-rare-earths-hitting-factories/,2.528,Robots to enable urban mining of CRMs,https://www.electronicsweekly.com/news/business/robots-to-enable-urban-mining-of-crns-2025-06/
Motion Sensors - Accelerometers,https://www.digikey.com/en/products/filter/motion-sensors/accelerometers/515,1.728,Ambature to Deliver Superconductor IP for AI’s Energy Problem,https://www.eetimes.com/ambature-to-deliver-superconductor-ip-for-ais-energy-problem/,1.024,Motor gate drivers enable flexible current control,https://www.edn.com/motor-gate-drivers-enable-flexible-current-control/,0.937,Robots to enable urban mining of CRMs,https://www.electronicsweekly.com/news/business/robots-to-enable-urban-mining-of-crns-2025-06/
Adapters,https://www.digikey.com/en/products/filter/coaxial-connectors-rf/coaxial-connector-rf-adapters/374,0.91,A quick and practical view of USB Power Delivery (USB-PD) design,https://www.edn.com/a-quick-and-practical-view-of-usb-power-delivery-usb-pd-design/,,,,,,
"PCB Routers, Milling Machines",https://www.digikey.com/en/products/filter/pcb-routers-milling-machines/972,5.033,Seeing inside entry-level audiophile desire: Monoprice’s Liquid Spark Headphone Amplifier,https://www.edn.com/seeing-inside-entry-level-audiophile-desire-monoprices-liquid-spark-headphone-amplifier/,4.682,Standardization and modularization in pick and place equipment,https://www.edn.com/standardization-and-modularization-in-pick-and-place-equipment/,3.427,The Opportunity for Liquid Sensing,https://www.eetimes.com/the-opportunity-for-liquid-sensing/
Integrated Circuits (ICs),https://www.digikey.com/en/products/category/integrated-circuits-ics/32,4.627,Imec researchers demo single-chip optical and microwave integration,https://www.electronicsweekly.com/news/business/imec-and-ghent-uni-2025-06/,3.819,Motor gate drivers enable flexible current control,https://www.edn.com/motor-gate-drivers-enable-flexible-current-control/,2.958,Seeing inside entry-level audiophile desire: Monoprice’s Liquid Spark Headphone Amplifier,https://www.edn.com/seeing-inside-entry-level-audiophile-desire-monoprices-liquid-spark-headphone-amplifier/
"Headers, Receptacles, Female Sockets",https://www.digikey.com/en/products/filter/rectangular-connectors/headers-receptacles-female-sockets/315,2.101,Motor gate drivers enable flexible current control,https://www.edn.com/motor-gate-drivers-enable-flexible-current-control/,,,,,,
Modular Cables,https://www.digikey.com/en/products/filter/modular-ethernet-cables-rj45-rj11/451,5.685,Standardization and modularization in pick and place equipment,https://www.edn.com/standardization-and-modularization-in-pick-and-place-equipment/,1.227,Powerline module enables EV charger data links,https://www.edn.com/powerline-module-enables-ev-charger-data-links/,,,
Serial Device Servers,https://www.digikey.com/en/products/filter/serial-device-servers/930,6.36,GaN HEMT earns DLA-JANS certification,https://www.edn.com/gan-hemt-earns-dla-jans-certification/,3.059,A quick and practical view of USB Power Delivery (USB-PD) design,https://www.edn.com/a-quick-and-practical-view-of-usb-power-delivery-usb-pd-design/,2.644,Seeing inside entry-level audiophile desire: Monoprice’s Liquid Spark Headphone Amplifier,https://www.edn.com/seeing-inside-entry-level-audiophile-desire-monoprices-liquid-spark-headphone-amplifier/
Temperature Sensors - Analog and Digital Output,https://www.digikey.com/en/products/filter/temperature-sensors/analog-and-digital-output/518,11.526,10-octave linear-in-pitch VCO with buffered tri-wave output,https://www.edn.com/10-octave-linear-in-pitch-vco-with-buffered-tri-wave-output/,6.134,DMMs improve accuracy and usability,https://www.edn.com/dmms-improve-accuracy-and-usability/,5.734,Seeing inside entry-level audiophile desire: Monoprice’s Liquid Spark Headphone Amplifier,https://www.edn.com/seeing-inside-entry-level-audiophile-desire-monoprices-liquid-spark-headphone-amplifier/
Wiring Blocks,https://www.digikey.com/en/products/filter/modular-ethernet-connectors/modular-ethernet-connector-wiring-blocks/418,12.531,Powerline module enables EV charger data links,https://www.edn.com/powerline-module-enables-ev-charger-data-links/,0.908,Arm Launches Zena to Accelerate AI-Defined Vehicle,https://www.eetimes.com/arm-launches-zena-to-accelerate-ai-defined-vehicle/,,,
TVS - Diodes,https://www.digikey.com/en/products/filter/transient-voltage-suppressors-tvs/tvs-diodes/144,1.827,Intel’s Tech Predictions In 2009,https://www.electronicsweekly.com/blogs/mannerisms/yarns/intels-tech-predictions-in-2009-2-2025-06/,1.073,Indian Watchmaker Bets Big on Customized Manufacturing Lines,https://www.eetimes.com/indian-watchmaker-bets-big-on-customized-manufacturing-lines/,,,
Power,https://www.digikey.com/en/products/super-category/power-circuit-protection/23,22.814,A quick and practical view of USB Power Delivery (USB-PD) design,https://www.edn.com/a-quick-and-practical-view-of-usb-power-delivery-usb-pd-design/,7.008,GlobalFoundries Pledges $16 Billion U.S. Investment with Trump’s Help,https://www.eetimes.com/globalfoundries-pledges-16-billion-u-s-investment-with-trumps-help/,5.248,Ambature to Deliver Superconductor IP for AI’s Energy Problem,https://www.eetimes.com/ambature-to-deliver-superconductor-ip-for-ais-energy-problem/
Power Supplies - Board Mount,https://www.digikey.com/en/products/category/power-supplies-board-mount/43?s=N4IgjCBcoLQdIDGUAuAnArgUwDQgPZQDaIArAAykgC6AvvUA,9.143,A quick and practical view of USB Power Delivery (USB-PD) design,https://www.edn.com/a-quick-and-practical-view-of-usb-power-delivery-usb-pd-design/,2.828,Ambature to Deliver Superconductor IP for AI’s Energy Problem,https://www.eetimes.com/ambature-to-deliver-superconductor-ip-for-ais-energy-problem/,2.809,GlobalFoundries Pledges $16 Billion U.S. Investment with Trump’s Help,https://www.eetimes.com/globalfoundries-pledges-16-billion-u-s-investment-with-trumps-help/
"Sensors, Transducers",https://www.digikey.com/en/products/category/sensors-transducers/25?s=N4IgjCBcoLQdIDGUAuAnArgUwDQgPZQDaIATAAwgC6AvnUA,3.333,Ambature to Deliver Superconductor IP for AI’s Energy Problem,https://www.eetimes.com/ambature-to-deliver-superconductor-ip-for-ais-energy-problem/,1.976,Motor gate drivers enable flexible current control,https://www.edn.com/motor-gate-drivers-enable-flexible-current-control/,1.807,Robots to enable urban mining of CRMs,https://www.electronicsweekly.com/news/business/robots-to-enable-urban-mining-of-crns-2025-06/
Gas Discharge Tube Arresters (GDT),https://www.digikey.com/en/products/filter/gas-discharge-tube-arresters-gdt/142,1.649,Seeing inside entry-level audiophile desire: Monoprice’s Liquid Spark Headphone Amplifier,https://www.edn.com/seeing-inside-entry-level-audiophile-desire-monoprices-liquid-spark-headphone-amplifier/,,,,,,
Wire Strippers and Accessories,https://www.digikey.com/en/products/filter/wire-strippers-and-accessories/230,2.088,Multichannel impedance meter analyzes Li-Ion cells,https://www.edn.com/multichannel-impedance-meter-analyzes-li-ion-cells/,1.802,Robots to enable urban mining of CRMs,https://www.electronicsweekly.com/news/business/robots-to-enable-urban-mining-of-crns-2025-06/,0.473,Powerline module enables EV charger data links,https://www.edn.com/powerline-module-enables-ev-charger-data-links/
RF Directional Coupler,https://www.digikey.com/en/products/filter/rf-directional-coupler/850,0.464,"Assessing CHIPS Acts Value, Tariffs and Semi Equipment Growth",https://www.eetimes.com/assessing-chips-acts-value-tariffs-and-semi-equipment-growth/,0.432,Ambature to Deliver Superconductor IP for AI’s Energy Problem,https://www.eetimes.com/ambature-to-deliver-superconductor-ip-for-ais-energy-problem/,0.385,GlobalFoundries Pledges $16 Billion U.S. Investment with Trump’s Help,https://www.eetimes.com/globalfoundries-pledges-16-billion-u-s-investment-with-trumps-help/
"Protective Hoses, Solid Tubing, Sleeving",https://www.digikey.com/en/products/filter/protective-hoses-solid-tubing-sleeving/480,1.658,Seeing inside entry-level audiophile desire: Monoprice’s Liquid Spark Headphone Amplifier,https://www.edn.com/seeing-inside-entry-level-audiophile-desire-monoprices-liquid-spark-headphone-amplifier/,0.744,"Assessing CHIPS Acts Value, Tariffs and Semi Equipment Growth",https://www.eetimes.com/assessing-chips-acts-value-tariffs-and-semi-equipment-growth/,,,
Passives,https://www.digikey.com/en/products/super-category/passives/21,2.02,Seeing inside entry-level audiophile desire: Monoprice’s Liquid Spark Headphone Amplifier,https://www.edn.com/seeing-inside-entry-level-audiophile-desire-monoprices-liquid-spark-headphone-amplifier/,,,,,,
Specialized,https://www.digikey.com/en/products/filter/terminal-blocks/specialized/433,3.409,Arm Launches Zena to Accelerate AI-Defined Vehicle,https://www.eetimes.com/arm-launches-zena-to-accelerate-ai-defined-vehicle/,1.434,Seeing inside entry-level audiophile desire: Monoprice’s Liquid Spark Headphone Amplifier,https://www.edn.com/seeing-inside-entry-level-audiophile-desire-monoprices-liquid-spark-headphone-amplifier/,0.948,A quick and practical view of USB Power Delivery (USB-PD) design,https://www.edn.com/a-quick-and-practical-view-of-usb-power-delivery-usb-pd-design/
"Sensors, Transducers",https://www.digikey.com/en/products/category/sensors-transducers/25?s=N4IgjCBcoLQBxVAYygMwIYBsDOBTANCAPZQDaIALAJwDsIhcADFY-eGAMwIC6Avv0A,3.333,Ambature to Deliver Superconductor IP for AI’s Energy Problem,https://www.eetimes.com/ambature-to-deliver-superconductor-ip-for-ais-energy-problem/,1.976,Motor gate drivers enable flexible current control,https://www.edn.com/motor-gate-drivers-enable-flexible-current-control/,1.807,Robots to enable urban mining of CRMs,https://www.electronicsweekly.com/news/business/robots-to-enable-urban-mining-of-crns-2025-06/
Wiring Blocks - Accessories,https://www.digikey.com/en/products/filter/modular-ethernet-connectors/modular-ethernet-connector-wiring-blocks-accessories/417,11.792,Powerline module enables EV charger data links,https://www.edn.com/powerline-module-enables-ev-charger-data-links/,0.854,Arm Launches Zena to Accelerate AI-Defined Vehicle,https://www.eetimes.com/arm-launches-zena-to-accelerate-ai-defined-vehicle/,,,
Keylock Switches,https://www.digikey.com/en/products/filter/keylock-switches/196,0.472,"Jim Keller: ‘Whatever Nvidia Does, We’ll Do The Opposite’",https://www.eetimes.com/jim-keller-whatever-nvidia-does-well-do-the-opposite/,,,,,,
"PC Pin, Single Post Connectors",https://www.digikey.com/en/products/filter/terminals/pc-pin-single-post-connectors/323,5.087,"Most Read – STEP for Semiconductor, Tomahawk 6, Stacked DRAM",https://www.electronicsweekly.com/blogs/electro-ramblings/latest-news/most-read-step-for-semiconductor-tomahawk-6-stacked-dram-2025-06/,3.998,Multichannel impedance meter analyzes Li-Ion cells,https://www.edn.com/multichannel-impedance-meter-analyzes-li-ion-cells/,3.745,Imec researchers demo single-chip optical and microwave integration,https://www.electronicsweekly.com/news/business/imec-and-ghent-uni-2025-06/
Power Line Filter Modules,https://www.digikey.com/en/products/filter/power-line-filter-modules/838?s=N4IgjCBcoLQdIDGUBmBDANgZwKYBoQB7KAbXAAYAmEAXQF8Gg,10.745,A quick and practical view of USB Power Delivery (USB-PD) design,https://www.edn.com/a-quick-and-practical-view-of-usb-power-delivery-usb-pd-design/,6.296,Imec researchers demo single-chip optical and microwave integration,https://www.electronicsweekly.com/news/business/imec-and-ghent-uni-2025-06/,3.054,Seeing inside entry-level audiophile desire: Monoprice’s Liquid Spark Headphone Amplifier,https://www.edn.com/seeing-inside-entry-level-audiophile-desire-monoprices-liquid-spark-headphone-amplifier/
"Fiber Optic Cables47,782Items",https://www.digikey.com/en/products/filter/fiber-optic-cables/449,6.766,Imec researchers demo single-chip optical and microwave integration,https://www.electronicsweekly.com/news/business/imec-and-ghent-uni-2025-06/,0.862,Powerline module enables EV charger data links,https://www.edn.com/powerline-module-enables-ev-charger-data-links/,0.732,Standardization and modularization in pick and place equipment,https://www.edn.com/standardization-and-modularization-in-pick-and-place-equipment/
"FFC, FPC (Flat Flexible) Connectors",https://www.digikey.com/en/products/category/ffc-fpc-flat-flexible-connectors/2013,2.311,Motor gate drivers enable flexible current control,https://www.edn.com/motor-gate-drivers-enable-flexible-current-control/,1.379,"DigiKey offers Zephyr RTOS workshop, video training",https://www.electronicsweekly.com/news/business/distribution/digikey-offers-zephyr-rtos-workshop-video-training-2025-06/,1.131,AI and the problem of misinformation,https://www.edn.com/ai-and-the-problem-of-misinformation/
"Barrel, Bullet Connectors",https://www.digikey.com/en/products/filter/terminals/barrel-bullet-connectors/393,0.437,Powerline module enables EV charger data links,https://www.edn.com/powerline-module-enables-ev-charger-data-links/,,,,,,
Single Board Computers (SBCs),https://www.digikey.com/en/products/filter/single-board-computers-sbcs/933,7.675,Ambature to Deliver Superconductor IP for AI’s Energy Problem,https://www.eetimes.com/ambature-to-deliver-superconductor-ip-for-ais-energy-problem/,3.766,"Jim Keller: ‘Whatever Nvidia Does, We’ll Do The Opposite’",https://www.eetimes.com/jim-keller-whatever-nvidia-does-well-do-the-opposite/,3.694,Imec researchers demo single-chip optical and microwave integration,https://www.electronicsweekly.com/news/business/imec-and-ghent-uni-2025-06/
"Fans - Finger Guards, Filters & Sleeves",https://www.digikey.com/en/products/filter/fans/finger-guards-filters-sleeves/221,1.054,Imec researchers demo single-chip optical and microwave integration,https://www.electronicsweekly.com/news/business/imec-and-ghent-uni-2025-06/,,,,,,
"Development Boards, Kits, Programmers",https://www.digikey.com/en/products/category/development-boards-kits-programmers/33?s=N4IgjCBcoLQBxVAYygMwIYBsDOBTANCAPZQDaIAzBQGwiFgCsctAugL4dA,4.738,Motor gate drivers enable flexible current control,https://www.edn.com/motor-gate-drivers-enable-flexible-current-control/,3.717,Arm Launches Zena to Accelerate AI-Defined Vehicle,https://www.eetimes.com/arm-launches-zena-to-accelerate-ai-defined-vehicle/,2.257,"DigiKey offers Zephyr RTOS workshop, video training",https://www.electronicsweekly.com/news/business/distribution/digikey-offers-zephyr-rtos-workshop-video-training-2025-06/
Coaxial Connectors (RF),https://www.digikey.com/en/products/category/coaxial-connectors-rf/2007,0.588,"Assessing CHIPS Acts Value, Tariffs and Semi Equipment Growth",https://www.eetimes.com/assessing-chips-acts-value-tariffs-and-semi-equipment-growth/,0.548,Ambature to Deliver Superconductor IP for AI’s Energy Problem,https://www.eetimes.com/ambature-to-deliver-superconductor-ip-for-ais-energy-problem/,0.529,Powerline module enables EV charger data links,https://www.edn.com/powerline-module-enables-ev-charger-data-links/
Automotive Relays,https://www.digikey.com/en/products/filter/automotive-relays/962,15.076,OpenGMSL Aims to Overcome Automotive Video Interoperability Challenge,https://www.eetimes.com/opengmsl-aims-to-overcome-automotive-video-interoperability-challenge/,11.143,Rare earths export restrictions hit car production,https://www.electronicsweekly.com/news/business/rare-earths-export-restrictions-hit-car-production-2025-06/,10.341,Arm Launches Zena to Accelerate AI-Defined Vehicle,https://www.eetimes.com/arm-launches-zena-to-accelerate-ai-defined-vehicle/
Tools,https://www.digikey.com/en/products/category/tools/17?s=N4IgjCBcoLQdIDGUBmBDANgZwKYBoQB7KAbRACYBOADhAF0BfJoA,4.621,Multichannel impedance meter analyzes Li-Ion cells,https://www.edn.com/multichannel-impedance-meter-analyzes-li-ion-cells/,2.27,Intel’s Tech Predictions In 2009,https://www.electronicsweekly.com/blogs/mannerisms/yarns/intels-tech-predictions-in-2009-2-2025-06/,,,
PC Card Sockets,https://www.digikey.com/en/products/filter/memory-connectors/pc-card-sockets/414,3.048,Multichannel impedance meter analyzes Li-Ion cells,https://www.edn.com/multichannel-impedance-meter-analyzes-li-ion-cells/,1.497,Intel’s Tech Predictions In 2009,https://www.electronicsweekly.com/blogs/mannerisms/yarns/intels-tech-predictions-in-2009-2-2025-06/,,,
Barrel Connectors,https://www.digikey.com/en/products/category/barrel-connectors/2002,0.613,Powerline module enables EV charger data links,https://www.edn.com/powerline-module-enables-ev-charger-data-links/,,,,,,
"Test Leads - Jumper, Specialty",https://www.digikey.com/en/products/filter/test-leads/jumper-specialty/626,2.394,Standardization and modularization in pick and place equipment,https://www.edn.com/standardization-and-modularization-in-pick-and-place-equipment/,1.968,Seeing inside entry-level audiophile desire: Monoprice’s Liquid Spark Headphone Amplifier,https://www.edn.com/seeing-inside-entry-level-audiophile-desire-monoprices-liquid-spark-headphone-amplifier/,1.858,DMMs improve accuracy and usability,https://www.edn.com/dmms-improve-accuracy-and-usability/
